"Domain","Domainrank","Origin","Target","Nofollow","Anchor","Deleted"
"beagleboard.org","47","https://beagleboard.org/project/","https://openid.internet-sicherheit.de/at2000","0","openid.internet-sicherheit.de...","0"
"shadowserver.org","36","https://dashboard.shadowserver.org/","https://www.internet-sicherheit.de/","0","if-is.net","0"
"it-sicherheit.de","34","https://www.it-sicherheit.de/startseite/","https://www.internet-sicherheit.de/","0","institut für internet-sicherheit","0"
"norbert-pohlmann.com","33","https://norbert-pohlmann.com/","https://www.internet-sicherheit.de/","0","if(is)","0"
"servicemeister.org","33","https://www.servicemeister.org/","https://www.internet-sicherheit.de/","0","","0"
"digital-futurecongress.de","33","https://essen.digital-futurecongress.de/de/","https://www.internet-sicherheit.de/","1","ifis","1"
"digitaleschweiz.ch","33","https://www.digitaleschweiz.ch/markt/security-finder-schweiz/","http://www.internet-sicherheit.de/","0","institut für internet-sicherheit","0"
"gtai.de","32","https://www.gtai.de/en/invest/industries/digital-economy/safety-security","https://www.internet-sicherheit.de/en","0","institut for internet-security at the gelsenkirchen university of applied sciences","0"
"httparchive.org","31","https://almanac.httparchive.org/en/2022/contributors","https://www.internet-sicherheit.de/team/demir-nurullah.html","0","","0"
"vu.nl","31","https://www.cs.vu.nl/~herbertb/","http://www.internet-sicherheit.de/en/research/recent-projects/botnets/sandnet","0","sandnet","0"
"bihk.de","30","https://international.bihk.de/e-commerce/online-verkaufen.html","https://www.internet-sicherheit.de/fileadmin/docs/mitarbeiter/Gaentzsch__Falk/D-Virtualisierung.pdf","0","it-sicherheit im handwerk","0"
"mobilitylogistics.de","30","https://www.mobilitylogistics.de/logistics/produktionslogistik/abgeschlossene-projekte","https://www.internet-sicherheit.de/","0","if(is) - institut für internet-sicherheit, westfälische hochschule, gelsenkirchen","0"
"2fa.jetzt","30","https://www.2fa.jetzt/","https://www.internet-sicherheit.de/","0","","0"
"ethernity.cloud","30","https://ethernity.cloud/","https://www.internet-sicherheit.de/en","0","internet security logo","0"
"cscg.de","30","https://cscg.de/partners/","https://www.internet-sicherheit.de/","0","","0"
"nfits.de","29","https://nfits.de/partner/","https://www.internet-sicherheit.de/","0","institut für internet-sicherheit an der westfälischen hochschule","0"
"git-sicherheit.de","29","https://www.git-sicherheit.de/news/ifis-vertrauenswuerdigkeits-plattform-fuer-ki-loesungen","https://www.internet-sicherheit.de/","0","www.internet-sicherheit.de","0"
"sovrin.org","29","https://sovrin.org/stewards/","https://www.internet-sicherheit.de/?L=2","0","the institute for internet-security","1"
"bloggt-in-braunschweig.de","29","https://marius.bloggt-in-braunschweig.de/2018/02/","https://www.internet-sicherheit.de/","0","das if(is) – institut für internet-sicherheit,","0"
"neustrelitzer-tierschutzverein.de","29","https://neustrelitzer-tierschutzverein.de/","https://www.internet-sicherheit.de/sicher-im-internet-das-buch/workshops-und-themen/verschluesselung-und-identitaeten/ssltls-verschluesselung.html","0","tsl verschlüsselung","0"
"github.com","28","https://github.com/internet-sicherheit/","https://www.internet-sicherheit.de/","1","https://www.internet-sicherheit.de/","0"
"nrw-units.de","28","https://www.nrw-units.de/nrw-units/partner/","https://www.internet-sicherheit.de/","0","institut für internet-sicherheit - if(is)","0"
"sfdasbett.at","28","https://sfdasbett.at/allgemeine-geschaeftsbedingungen/","http://www.internet-sicherheit.de/sicher-im-internet-das-buch/workshops-und-themen/verschluesselung-und-identitaeten/ssltls-verschluesselung.html","0","ssl/tls verfahren","0"
"penz.name","28","https://robert.penz.name/date/2008/03/","https://www.internet-sicherheit.de/","0","institute for internet security","0"
"netzpolitik.org","27","https://netzpolitik.org/2018/staatstrojaner-sind-ein-risiko-fuer-die-innere-sicherheit/","https://www.internet-sicherheit.de/fileadmin/docs/publikationen/2018/Artikel/2018-01_Strafverfolgung-darf-die-IT-Sicherheit-im-Internet-nicht-schwaechen-Bundestrojaner-Prof.-Norbert-Pohlmann.pdf","0","untersuchung solcher angriffsprogramme aus dem bereich der cyberkriminalität","0"
"casinoberater.ch","27","https://casinoberater.ch/online-casinos/mr-bit/","https://www.internet-sicherheit.de/sicher-im-internet-das-buch/workshops-und-themen/verschluesselung-und-identitaeten/ssltls-verschluesselung.html","0","tls-zertifikat","0"
"cispa.saarland","27","https://cispa.saarland/group/rossow/research","http://www.internet-sicherheit.de/","0","if(is)","0"
"prompu.de","27","https://prompu.de/","https://www.internet-sicherheit.de/sicher-im-internet-das-buch/workshops-und-themen/verschluesselung-und-identitaeten/ssltls-verschluesselung.html","0","ssl-verschlüsselung, tls-verschlüsselung","0"
"healbox.de","27","https://healbox.de/","https://www.internet-sicherheit.de/datenschutz","0","datenschutz","0"
"nifis.de","27","http://www.nifis.de/kooperationen/","http://www.internet-sicherheit.de/","0","","0"
"nosoftwarepatents-award.com","26","http://www.nosoftwarepatents-award.com/press/200608.de.html","http://www.internet-sicherheit.de/pohlmann-uebersicht.html","0","prof.dr.n. pohlmann","0"
"e-health-com.de","26","https://e-health-com.de/links/nationale-organisationen-institutionen-verbaende/","http://internet-sicherheit.de/","0","http://internet-sicherheit.de","0"
"w-hs.de","25","https://www.w-hs.de/internet-sicherheit-ge/","https://www.internet-sicherheit.de/index.html","0","institut für internet-sicherheit","0"
"acceptableadscommittee.org","25","https://www.acceptableadscommittee.org/the-committee/","https://www.internet-sicherheit.de/?L=2","0","institute for internet security","0"
"binarus.de","24","https://www.binarus.de/articles/apc-usv-network/apc-usv-network.shtml","http://www.internet-sicherheit.de/institut/buch-sicher-im-internet/workshops-und-themen/verschluesselung-und-identitaeten/kryptographie/elektronische-zertifikate","0","elek­tro­ni­schen zer­ti­fi­kats","0"
"xethix-empowerment.de","24","https://xethix-empowerment.de/aktuelle-studie-zur-vertrauenswuerdigkeit-von-hersteller-unternehmen-und-it-loesungen/","https://www.internet-sicherheit.de/","0","institut für internet-sicherheit – if(is)","0"
"ihk-bonn.de","24","https://www.ihk-bonn.de/innovation-und-umwelt/it-sicherheit-e-commerce/it-sicherheit-tipps","http://www.internet-sicherheit.de/","0","institut für internet sicherheit if(is)","0"
"dotmagazine.online","24","https://www.dotmagazine.online/issues/trust-in-digitalization/working-together-towards-trust/federated-blockchain-as-a-service/","https://www.internet-sicherheit.de/?L=2","0","if(is) logo","0"
"dh.nrw","24","https://www.dh.nrw/kooperationen/SecAware.NRW-76","https://www.internet-sicherheit.de/about-us/team/alle-mitarbeiter/krueger-benjamin.html","0","kontakt","0"
"openpgp-schulungen.de","24","http://www.openpgp-schulungen.de/kurzinfo/openpgp-smime/","http://www.internet-sicherheit.de/pgpzi","0","institut für internet-sicherheit","0"
"netzwerkdigitalenachweise.de","23","http://netzwerkdigitalenachweise.de/partner","https://www.internet-sicherheit.de/","0","https://www.internet-sicherheit.de","0"
"sellerconnect.de","23","https://ssl.sellerconnect.de/","https://www.internet-sicherheit.de/en/sicher-im-internet-das-buch/workshops-und-themen/verschluesselung-und-identitaeten/ssltls-verschluesselung","1","internet-sicherheit.de","0"
"gq-magazin.de","23","https://www.gq-magazin.de/auto-technik/article/fingerabdruck-iris-und-gesichtserkennung-was-kann-biometrie","https://www.internet-sicherheit.de/wir-ueber-uns/team/alle-mitarbeiter/wojzechowski-chris.html","0","sagt chris wojzechowski","0"
"ihk-siegen.de","23","https://www.ihk-siegen.de/innovation-umwelt-und-energie/it-und-multimedia/it-sicherheit/","https://www.internet-sicherheit.de/","0","institut für internet-sicherheit – if(is) (westfälische hochschule)","0"
"ryte.com","23","https://de.ryte.com/wiki/Hashing","https://www.internet-sicherheit.de/downloads/infografiken/sicheres-passwort-hashing.html","1","infografik: hashing und passwörter","0"
"connect-emscherlippe.de","23","https://connect-emscherlippe.de/impulse/blockchain/","https://www.internet-sicherheit.de/","0","institut für internet-sicherheit – if(is)","0"
"golem.de","23","https://www.golem.de/news/imho-tag-der-unsinnigen-passwort-ratschlaege-1802-132533.html","https://www.internet-sicherheit.de/aktuelles/news-mitteilungen/news-detailseite/article/das-ifis-auf-derwestende-passwoerter-sicher-verschluesselt-und-gut","0","institut für internet-sicherheit","0"
"hs-augsburg.de","22","http://mebib-intern.informatik.hs-augsburg.de/fidb/lexika_IT.html","http://www.internet-sicherheit.de/service/glossar","0","glossar - institut für internet-sicherheit","0"
"sebastianfeld.de","22","https://www.sebastianfeld.de/","http://www.internet-sicherheit.de/forschung/internet-kennzahlen-system","0","german ministry of economics & technology","1"
"it-sicherheit-nrw.de","21","http://www.it-sicherheit-nrw.de/it-sicherheit-nrw.html","https://www.internet-sicherheit.de/wir-ueber-uns/team/ehemalige-mitarbeiter-seiten/barchnicki-sebastian.html","0","","0"
"aware7.com","21","https://aware7.com/de/blog/sevencast-7-welpen-waffen-wurmloecher/","https://www.internet-sicherheit.de/","0","institut für internet-sicherheit","0"
"open-spf.org","21","http://www.open-spf.org/Research/","http://www.internet-sicherheit.de/en/news/news","0","if(is)","0"
"govchain-nrw.de","21","https://govchain-nrw.de/","https://www.internet-sicherheit.de/","0","meghna","0"
"onpulson.de","20","https://www.onpulson.de/63805/warum-vertrauenswuerdigkeit-und-ki-unbedingt-zusammengehoeren/","https://www.internet-sicherheit.de/","0","instituts für internet-sicherheit","0"
"ites-project.org","20","http://www.ites-project.org/pages/motivation.html","https://www.internet-sicherheit.de/forschung/aktuelle-forschungsprojekte/trusted-computing/motivation/motivation","0","www.internet-sicherheit.de (german)","0"
"hyperledger.org","20","https://wiki.hyperledger.org/display/CASIG/Carbon+Accounting+and+Certification+WG","https://bl.internet-sicherheit.de/index.html","1","blockchain lab - institute for internet security","0"
"com-magazin.de","20","https://www.com-magazin.de/news/sicherheit/cloudbleed-gefaehrdet-zahllose-online-dienste-1202374.html","https://www.internet-sicherheit.de/aktuelles/news-mitteilungen/news-detailseite.html?tx_ttnews[tt_news]=906&cHash=c48dec9602986c9d117eac283414c783","0","ifis","0"
"compu-tec.org","20","https://www.compu-tec.org/links.html","https://www.internet-sicherheit.de/","0","webseite öffnen","0"
"bloxberg.org","20","https://bloxberg.org/consortium/","https://www.internet-sicherheit.de/en","0","westphalian university of applied sciences norbert pohlmann","1"
"breitenbuecher.de","20","https://www.breitenbuecher.de/info/lesezeichen.htm","http://www.internet-sicherheit.de/service/glossar/eintrag/eintrag-detail/tcp-sweep","0","tcp sweep - glossar - institut für internet sicherheit","0"
"nico-halle.de","19","https://www.nico-halle.de/blogger/2005_09_01_archive.html","https://www.internet-sicherheit.de/web-service-security.html","0","institut für internet-sicherheit: web- service- security","0"
"hs-hannover.de","19","http://trust.f4.hs-hannover.de/projects/tnac.html","https://www.internet-sicherheit.de/","0","institut für internet-sicherheit","0"
"silicon.de","19","https://www.silicon.de/41544003/deutscher-internet-index-gestartet/","http://www.internet-sicherheit.de/","0","institut für internet-sicherheit","0"
"xn--vertrauenswrdigkeit-gbc.com","19","https://xn--vertrauenswrdigkeit-gbc.com/studie-vertrauenswuerdigkeit-anwender/","https://www.internet-sicherheit.de/","0","institut für internet-sicherheit – if(is)","0"
"ralph-lehmann.de","19","https://blog.ralph-lehmann.de/2011/01/","http://www.internet-sicherheit.de/","0","www.internet-sicherheit.de","0"
"sparkasse.de","19","https://www.sparkasse.de/aktuelles/krieg-ukraine-auswirkungen-firmenkunden.html","https://www.internet-sicherheit.de/index.html","1","hier.","0"
"baf-berlin.de","19","https://www.baf-berlin.de/blog/index.php?/archives/1894-Warnung-vor-Datenklau-in-der-Cloud.html","http://www.internet-sicherheit.de/","0","if [is]","0"
"detektor.fm","19","https://detektor.fm/wirtschaft/industriespionage-und-it-sicherheit","http://www.internet-sicherheit.de/","0","institut für internet-sicherheit der westfälischen hochschule gelsenkirchen","0"
"itandmore.eu","19","https://www.itandmore.eu/it-security/","https://www.internet-sicherheit.de/","0","institut für internet-sicherheit – ein neues fenster wird geöffnet.","1"
"if-is.net","19","https://if-is.net/","https://www.internet-sicherheit.de/","0","","0"
"computerwoche.de","19","https://www.computerwoche.de/a/internet-sicherheit-studieren,1936343","http://www.internet-sicherheit.de/master","0","hier","0"
"digital-worx.de","18","https://think.digital-worx.de/tag/ehealth/","http://www.internet-sicherheit.de/","0","institut für internet-sicherheit","0"
"irights.info","18","https://irights.info/artikel/bezahlen-nfc-smartphone-ec-karte-datenschutz/27978/","https://www.internet-sicherheit.de/forschung/zahlungssysteme-und-banktransaktionen/abschlussarbeit-uebersicht-und-bewertung-von-zahlungssystemen/uebersicht-der-zahlungssysteme/mobile-zahlungssysteme/telekom-mywallet-vodafone-smartpass-o2-wallet-e-plus-mobile-wallet.html","0","eine analyse","0"
"hauptstadtdetektei.de","18","https://www.hauptstadtdetektei.de/","https://www.internet-sicherheit.de/service/tipps-zur-internet-sicherheit/links-zur-sicherheit-im-internet","0","internet-sicherheit","1"
"christian-rossow.de","18","https://christian-rossow.de/articles/Botnets_Using_DNS_based_Command_and_Control_Channels.php","http://www.internet-sicherheit.de/en/research/recent-projects/botnets/sandnet","0","sandnet","0"
"rainer-gerling.de","18","https://www.rainer-gerling.de/it-sicherheit/","https://www.internet-sicherheit.de/","0","if(is) - institut für internetsicherheit","0"
"kontron.com","18","https://www.kontron.com/en/blog/security/internet-of-things-and-security","http://www.internet-sicherheit.de/","0","internet security","0"
"seedmatch.de","18","https://www.seedmatch.de/investmentchancen/secucloud","http://www.internet-sicherheit.de/","0","(if(is))","0"
"addnews.online","17","https://addnews.online/website-list-260/","https://internet-sicherheit.de/","0","internet-sicherheit","0"
"adzbusiness.com","17","https://adzbusiness.com/website-list-260/","https://internet-sicherheit.de/","0","internet-sicherheit","0"
"worldranksite.com","17","https://worldranksite.com/driving-sales-through-brand-management/","https://internet-sicherheit.de/","0","internet-sicherheit","0"
"fink-it-systems.de","17","https://www.fink-it-systems.de/unternehmenssicherheit/","https://www.internet-sicherheit.de/forschung/forschungsuebersicht.html","0","sie mehr….","0"
"iaid-project.org","17","https://www.iaid-project.org/contact_en.html","http://www.internet-sicherheit.de/de/wir-ueber-uns/team/mitarbeiter/mitarbeiter-detail/Petersen/?no_cache=1","0","dominique petersen","0"
"p-venture.com","17","https://p-venture.com/cyber-security-companies/","https://www.internet-sicherheit.de/","0","(institute for internet security)","0"
"forschungstag-it-sicherheit.nrw","16","http://www.forschungstag-it-sicherheit.nrw/","https://www.internet-sicherheit.de/pgpzi","0","beim if(is) zertifizieren","1"
"woelky.net","16","https://www.woelky.net/uebermich-lebenslauf.php","http://www.internet-sicherheit.de/","0","institut für internet-sicherheit - if(is)","0"
"prolinksdirectory.com","16","https://prolinksdirectory.com/website-list-260/","https://internet-sicherheit.de/","0","internet-sicherheit","0"
"webranksdirectory.com","16","https://webranksdirectory.com/website-list-1768/","https://internet-sicherheit.de/","0","internet-sicherheit","0"
"meine-anzeigenzeitung.de","16","https://www.meine-anzeigenzeitung.de/multimedia/computerfallstricke-peinliche-situationen-vermeiden-zr-6398754.html","https://www.internet-sicherheit.de/","1","sicherheitsexperten","0"
"itespresso.de","16","https://www.itespresso.de/2013/03/04/kartenleser-pruft-identitat-fur-openid-per-personalausweis/","https://openid.internet-sicherheit.de/","0","testet","0"
"hwk-muenchen.de","16","https://www.hwk-muenchen.de/artikel/handwerk-digitalisierung-74,0,7326.html","https://www.internet-sicherheit.de/downloads/lehrbuecher-it-sicherheit-im-handwerk.html","0","it-sicherheit im handwerk","0"
"mgessat.com","15","http://mgessat.com/2018/01/","https://www.internet-sicherheit.de/wir-ueber-uns/team/alle-mitarbeiter/cagnazzo-matteo.html","0","matteo cagnazzo vom institut für internet-sicherheit","0"
"tisim.de","15","https://www.tisim.de/umfrage-zur-vertrauenswuerdigkeit-von-herstellerunternehmen-und-it-loesung/","https://survey.internet-sicherheit.de/index.php/172159?lang=de","0","hier geht es zur studie","0"
"itsicherheitsblog.de","15","https://www.itsicherheitsblog.de/archives/cat_awareness.html","http://www.internet-sicherheit.de/crypto-poster","0","sicherheit von verschlüsselungsalgorithmen","0"
"postgrespro.com","15","https://postgrespro.com/list/id/4FB38F16.4010603@internet-sicherheit.de","https://www.internet-sicherheit.de/","0","https://www.internet-sicherheit.de","0"
"emscher-lippe.de","15","https://www.emscher-lippe.de/2016/12/","http://www.internet-sicherheit.de/","0","www.internet-sicherheit.de","0"
"podigee.io","15","https://merton.podigee.io/12-sicher-an-der-ruhr","https://www.internet-sicherheit.de/","0","institut für internet-sicherheit","0"
"if-is.net","14","http://dnsbl.if-is.net/","https://www.internet-sicherheit.de/","0","","0"
"csk.gov.in","14","https://www.csk.gov.in/alerts/MoziIoTBotnet.html","https://www.internet-sicherheit.de/research/botnetze/iot-botnetze/mozi","0","https://www.internet-sicherheit.de/research/botnetze/iot-botnetze/mozi/","0"
"vertraulichkeit-datenschutz-beratung.de","14","http://www.vertraulichkeit-datenschutz-beratung.de/ohm/","http://www.internet-sicherheit.de/","1","www.internet-sicherheit.de","0"
"maritimes-cluster.de","14","https://www.maritimes-cluster.de/news/aktuelles/tatort-schiff-cybersecurity-maritim-1/","https://www.internet-sicherheit.de/","0","institut für internet-sicherheit","0"
"toparticlesdirectory.com","14","https://toparticlesdirectory.com/driving-sales-through-brand-management/","https://internet-sicherheit.de/","0","internet-sicherheit","0"
"dw.com","14","https://www.dw.com/ru/%D0%B1%D0%B5%D0%B7%D0%BE%D0%BF%D0%B0%D1%81%D0%BD%D0%BE%D1%81%D1%82%D1%8C-%D0%B2-%D1%81%D0%B5%D1%82%D0%B8-%D0%BA%D0%B0%D0%BA-%D1%81%D1%82%D0%B0%D1%82%D1%8C-%D0%BF%D1%80%D0%BE%D1%84%D0%B5%D1%81%D1%81%D0%B8%D0%BE%D0%BD%D0%B0%D0%BB%D1%8C%D0%BD%D1%8B%D0%BC-%D1%87%D0%B5%D0%BB%D0%BE%D0%B2%D0%B5%D0%BA%D0%BE%D0%BC-%D0%BF%D0%B0%D1%83%D0%BA%D0%BE%D0%BC/a-17554597","http://www.internet-sicherheit.de/aktuelles-aus-dem-lehrbereich","0","гелзенкирхене","0"
"wayranks.com","14","https://wayranks.com/website-list-648/","https://internet-sicherheit.de/","0","internet-sicherheit","0"
"git-security.com","14","https://www.git-security.com/companies/institut-fur-internet-sicherheit","http://www.internet-sicherheit.de/","0","website","0"
"hna.de","14","https://www.hna.de/netzwelt/multimedia/vollstaendige-anonymitaet-im-netz-gibt-es-nicht-zr-4543015.html","http://www.internet-sicherheit.de/","1","instituts für internet-sicherheit","0"
"entwicklercamp.de","14","https://entwicklercamp.de/EC08/Referenten/","http://www.internet-sicherheit.de/","0","http://www.internet-sicherheit.de","1"
"admincamp.de","14","https://admincamp.de/EC08/Referenten","http://www.internet-sicherheit.de/","0","http://www.internet-sicherheit.de","1"
"infosat.de","14","https://www.infosat.de/digitale-welt/windows-xp-rechner-im-netz-ist-k-nftig-gefahrenquelle","http://www.internet-sicherheit.de/","0","www.internet-sicherheit.de","0"
"bankstil.de","14","http://westfalenlob.bankstil.de/cybersecurity-made-in-westfalen","http://www.internet-sicherheit.de/","0","institut für internet-sicherheit","0"
"greiterweb.de","14","http://greiterweb.de/spw/FehlerReduzierungswege.htm","http://www.internet-sicherheit.de/aktuelles/mitteilungen/nachricht/nachricht-detail/antiviren-software-ist-tot-marktfuehrer","1","antiviren-software hilft immer weniger","0"
"teltarif.de","14","https://www.teltarif.de/firewall-virenschutz-security/news/33409.html","http://www.internet-sicherheit.de/","0","instituts für internetsicherheit","0"
"msxfaq.de","13","https://www.msxfaq.de/skype_for_business/betrieb/lyncvpn.htm","https://www.internet-sicherheit.de/forschung/aktuelle-forschungsprojekte/voice-over-ip","1","https://www.internet-sicherheit.de/forschung/aktuelle-forschungsprojekte/voice-over-ip/","0"
"spreeblick.com","11","http://www.spreeblick.com/blog/2008/04/16/steile-thesen-teil-42/","http://www.internet-sicherheit.de/forschung/aktuelle-projekte/elektronischer-personalausweis","1","epa","0"
"iat.eu","11","https://www.iat.eu/medien/2020/it-sicherheit-fuer-die-zukunft-des-ruhrgebiets-10122020.html","http://www.internet-sicherheit.de/","0","www.internet-sicherheit.de","0"
"bitpage.de","11","https://bitpage.de/volumenbegrenzung-beim-internet-dreht-unitymedia-auch-den-hahn-zu/","http://www.internet-sicherheit.de/fileadmin/images/strukturelle-analyse-internet/internetkarte.png","1","http://www.internet-sicherheit.de/fileadmin/images/strukturelle-analyse-internet/internetkarte.png","0"
"openecard.org","11","https://dev.openecard.org/projects/open-ecard/wiki/EService-Tests/10","https://openid.internet-sicherheit.de/","0","https://openid.internet-sicherheit.de","0"
"leuphana.de","11","https://www.leuphana.de/services/miz/it-dienste/microsoft-365/nutzungshinweise.html","https://www.internet-sicherheit.de/downloads/infografiken/verschluesselungsverfahren.html","0","www.internet-sicherheit.de/downloads/infografiken/verschluesselungsverfahren.html","0"
"prosoft.de","11","https://www.prosoft.de/blog/sicher-surfen-mit-remote-controlled-browsers-system/","https://www.internet-sicherheit.de/index.html","0","institut für internet-sicherheit","0"
"studycheck.de","11","https://www.studycheck.de/studium/internet-sicherheit/westfaelische-hs-9194","https://www.internet-sicherheit.de/teaching/master-internet-sicherheit/aufbau-des-studiums.html?utm_source=StudyCheck&utm_campaign=StudyCheck&utm_medium=Premiumprofil-Studiengang&utm_term=Internet-Sicherheit-M.Sc.-9194","0","aufbau des studiums","0"
"hardware-mag.de","11","https://www.hardware-mag.de/news/2022/februar/sichere_netzwerke_kostenguenstig_per_vpn_aufbauen/","https://www.internet-sicherheit.de/sicher-im-internet-das-buch/workshops-und-themen/verschluesselung-und-identitaeten/ssltls-verschluesselung.html","0","tls- oder ssl-protokoll","0"
"botfrei.de","11","https://botfrei.de/5-vor-12-interessante-links-aus-dem-web-161/","https://www.internet-sicherheit.de/aktuelles/news-mitteilungen/news-detailseite.html?tx_ttnews[year]=2016&tx_ttnews[month]=08&tx_ttnews[day]=29&tx_ttnews[tt_news]=848&cHash=d15f1674568c7560260075da091eaebd","0","https://www.internet-sicherheit.de","0"
"hochschule-bochum.de","11","https://www.hochschule-bochum.de/fbe/fachgebiete/institut-fuer-elektromobilitaet/projekt-emel/","https://www.internet-sicherheit.de/","0","https://www.internet-sicherheit.de/","0"
"steadynews.de","10","https://steadynews.de/innovation/kmu-digital-und-die-berater-am-25-4-17-die-blockchain-und-das-vertrauen-in-kryptographie","https://podcast.internet-sicherheit.de/","0","cybärcast","0"
"websiteboosting.com","10","https://www.websiteboosting.com/magazin/12/elektronischer-datenbrief-eine-aktive-informationelle-selbstbestimmung-im-internet.html","http://www.internet-sicherheit.de/","0","","0"
"netzpiloten.de","10","https://www.netzpiloten.de/abhoersichere-kommunikation/","http://www.internet-sicherheit.de/service/tipps-zur-sicherheit/basissicherheit-mobile-geraete","0","basissicherheit für mobile geräte","0"
"ikg-rt.de","10","http://sps.ikg-rt.de/websites/mf/SiI/Lists/Materialien zu LambSchweizer 1/Datenblattansicht.aspx?ShowInGrid=HTML","https://www.internet-sicherheit.de/service/tipps-zur-internet-sicherheit/basissicherheit-internet.html","0","https://www.internet-sicherheit.de/service/tipps-zur-internet-sicherheit/basissicherheit-internet.html","0"
"emscherbote.de","10","https://emscherbote.de/01-backup-der-sichere-podcast","https://www.internet-sicherheit.de/","0","institut für internetsicherheit","0"
"rainergerling.de","10","https://blog.rainergerling.de/archives/06-01-2015_06-30-2015.html","http://www.internet-sicherheit.de/crypto-poster","0","sicherheit von verschlüsselungsalgorithmen","0"
"zitronita.de","10","http://www.zitronita.de/Gesch/HitArchiv/ZAr06a.htm","http://www.internet-sicherheit.de/","0","www.internet-sicherheit.de","0"
"administrator.de","10","https://administrator.de/forum/frage-zu-hash-hmac-pepper-und-salt-432646.html","https://www.internet-sicherheit.de/fileadmin/_processed_/8/c/csm_infographic_password_safety_90dpi_de_5dbfd7c41b.png","1","https://www.internet-sicherheit.de/fileadmin/_processed_/8/c/csm_infogra ...","0"
"tu-dortmund.de","10","https://sfs.sowi.tu-dortmund.de/forschung/projekte/ubitrans/","https://www.internet-sicherheit.de/index.html","0","if(is)","0"
"goldmedia.com","10","http://www.goldmedia.com/blog/Goldmedia-Tag/it-sicherheit/","https://www.internet-sicherheit.de/aktuelles/news-mitteilungen/news-detailseite.html?tx_ttnews[year]=2016&tx_ttnews[month]=10&tx_ttnews[day]=14&tx_ttnews[tt_news]=863&cHash=6c69b903c7e51ea942804f70cabddd9c","0","www.internet-sicherheit.de/umfrage/","1"
"eco.de","10","https://www.eco.de/mitglieder/institut-fuer-internet-sicherheit-ifis/","http://www.internet-sicherheit.de/","0","http://www.internet-sicherheit.de","0"
"gajda-media.com","10","https://www.gajda-media.com/aktuelles/page/4/","https://www.internet-sicherheit.de/sicher-im-internet-das-buch/workshops-und-themen/verschluesselung-und-identitaeten/ssltls-verschluesselung.html","1","ssl-verschlüsselungen","0"
"chrisdietri.ch","10","https://chrisdietri.ch/post/homograph-github-domain-spreads-trojan/","https://www.internet-sicherheit.de/forschung/abgeschlossene-forschungsprojekte/homographischer-angriff-auf-neon-wallet","0","internet-sicherheit.de","0"
"signinvault.com","10","https://signinvault.com/de/mpass-wirecard.html","https://www.internet-sicherheit.de/forschung/zahlungssysteme-und-banktransaktionen/abschlussarbeit-uebersicht-und-bewertung-von-zahlungssystemen/bewertung-der-zahlungssysteme/mobile-zahlungssysteme/mpass","1","institut für internet-sicherheit - if(is): mpass","0"
"bedeutung-von-woertern.com","10","https://www.bedeutung-von-woertern.com/bounce","http://www.internet-sicherheit.de/service/glossar/eintrag/eintrag-detail/bounce/?type=0&cHash=53d90276dd7110363ff480007eac9b0c","0","internet-sicherheit.de","0"
"airhacks.fm","10","http://www.airhacks.fm/","https://www.internet-sicherheit.de/team/wittek-kevin","0","blockchain research group","0"
"mittelstandswiki.de","10","https://www.mittelstandswiki.de/2019/03/e-government-gelsenkirchen-baut-eine-app-fuer-digitale-behoerdengaenge/","https://www.internet-sicherheit.de/","0","instituts für internet-sicherheit","0"
"gelsenkirchener-geschichten.de","10","https://www.gelsenkirchener-geschichten.de/wiki/Westf%C3%A4lische_Hochschule_Gelsenkirchen_Bocholt_Recklinghausen","http://www.internet-sicherheit.de/wir-ueber-uns/das-institut/allgemeine-informationen","1","institut für internet-sicherheit","0"
"emscher-lippe.de","10","https://smartregion.emscher-lippe.de/die-smartphone-buerger-id/","https://www.internet-sicherheit.de/","0","institut für internet-sicherheit","0"
"secawarenrw.de","10","https://secawarenrw.de/impressum/","https://www.internet-sicherheit.de/team/dietrich-christian.html","0","prof. dr. christian dietrich","0"
"faszination-suedostasien.de","10","https://faszination-suedostasien.de/digitale-reisesicherheit/","https://www.internet-sicherheit.de/","0","internet-security","0"
"mobile-times.com","9","http://www.mobile-times.com/pers_pl.html","http://www.internet-sicherheit.de/","0","http://www.internet-sicherheit.de/","1"
"infobytes.de","9","https://infobytes.de/pages/internet.html","https://www.internet-sicherheit.de/","0","institut für internet-sicherheit","0"
"deutschlandfunknova.de","9","https://www.deutschlandfunknova.de/beitrag/online-tracking-ich-weiss-wo-du-letzten-sommer-gesurft-hast","https://www.internet-sicherheit.de/about-us/team/alle-mitarbeiter/urban-tobias.html","0","dr.-ing. tobias urban","0"
"datensicherheit.de","9","https://www.datensicherheit.de/urgestein-der-deutschen-it-sicherheit-als-professor-des-jahres-2011-ausgezeichnet","http://www.internet-sicherheit.de/","0","institut für internet-sicherheit / fachhochschule gelsenkirchen","0"
"diesec.com","9","https://diesec.com/de/2018/06/wie-sicher-sind-passwort-hashes/","https://www.internet-sicherheit.de/downloads/infografiken/sicheres-passwort-hashing.html","0","infografik","0"
"wiwo.de","9","https://www.wiwo.de/technologie/digitale-welt/it-experte-norbert-pohlmann-das-interesse-ist-wahnsinnig-gestiegen/9913528-2.html","http://www.internet-sicherheit.de/institut/buch-sicher-im-internet/das-buch","0","sicher im internet","0"
"welt.de","9","https://www.welt.de/wirtschaft/webwelt/article162446453/So-werden-Sie-ungewollte-PC-Programme-wieder-los.html","https://www.internet-sicherheit.de/wir-ueber-uns/team/alle-mitarbeiter/wojzechowski-chris.html","0","chris wojzechowski","0"
"edutags.de","9","https://www.edutags.de/browse?tags=21486","http://www.internet-sicherheit.de/service/tipps-zur-sicherheit/sicherheitstipps","0","http://www.internet-sicherheit.de/service/tipps-zur-sicherheit/sicherheitstipps","0"
"uni-trier.de","9","https://dblp.uni-trier.de/db/conf/kryptotag/index.html","https://www.internet-sicherheit.de/aktuelles/messen/andere/9-kryptotag/der-9-kypto-tag","0","9. krypto-tag home page","0"
"trojaner-board.de","9","https://www.trojaner-board.de/195190-etwas-eingefangen-fehlermeldung.html","https://www.internet-sicherheit.de/news/virenschutz-stark-verbessert-windows-defender-arbeitet-zuverlaessig","1","https://www.internet-sicherheit.de/n...-zuverlaessig/","0"
"ats-group.net","9","https://www.ats-group.net/glossarien/glossar-lexikon-it-sicherheit.html","http://www.internet-sicherheit.de/service/glossar","1","glossar institut für internet-sicherheit","0"
"circleid.com","9","https://circleid.com/posts/20100324_mit_2010_spam_conference_starts_tomorrow","http://www.internet-sicherheit.de/","0","http://www.internet-sicherheit.de/","0"
"eco.de","9","https://international.eco.de/mitglieder/institut-fuer-internet-sicherheit-ifis/","http://www.internet-sicherheit.de/","0","http://www.internet-sicherheit.de","0"
"inria.fr","9","http://www-sop.inria.fr/members/Nataliia.Bielova/service.html","https://www.internet-sicherheit.de/about-us/team/alle-mitarbeiter/urban-tobias","0","tobias urban","0"
"donauweb.at","8","https://donauweb.at/2009/11/","http://www.internet-sicherheit.de/","0","http://www.internet-sicherheit.de","0"
"bankstil.de","8","https://bankstil.de/initiative-starke-authentisierung-jetzt-zur-vorbeugung-gegen-cyber-kriminalitaet-gestartet/","https://www.internet-sicherheit.de/","0","https://www.internet-sicherheit.de/","0"
"largeanswers.org","8","https://www.largeanswers.org/warum/warum-ist-blockchain-so-wichtig/","https://www.internet-sicherheit.de/forschung/connectemscherlippe/blockchain/wie-ist-die-blockchain-aufgebaut.html","1","https://www.internet-sicherheit.de/forschung/connectemscherlippe/blockchain/wie-ist-die-blockchain-aufgebaut.html","0"
"myego.io","8","https://myego.io/2021/12/15/digital-identity-now-or-later/","https://www.internet-sicherheit.de/aktuelles/news-mitteilungen/hoechste-zeit-fuer-mehr-digitale-selbstbestimmung-europa-und-deutschland-treiben-self-sovereign-identity-ssi-voran.html","0","pioneering role in the eu","0"
"tigges.legal","8","https://www.tigges.legal/digitaler-vc-stammtisch-dus-maerz-2022-cybersicherheit-in-krisensituationen.html","https://www.internet-sicherheit.de/index.html","0","institut für internet-sicherheit (if(is))","0"
"cepharum.de","8","https://blog.cepharum.de/de/glossar-it.html","http://www.internet-sicherheit.de/institut/buch-sicher-im-internet/workshops-und-themen/verschluesselung-und-identitaeten/ssltls-verschluesselung","0","institut für internet-sicherheit","0"
"hostblogger.de","8","https://www.hostblogger.de/blog/archives/2008/04.html/","http://www.internet-sicherheit.de/","0","institut für internet-sicherheit","0"
"handwerksblatt.de","8","https://www.handwerksblatt.de/themen-specials/cyber-attacken-auf-handwerksbetriebe/hackerangriffe-auch-der-mittelstand-ist-in-gefahr","https://www.internet-sicherheit.de/","1","institut für internetsicherheit an der westfälischen hochschule","0"
"pc-notfallklinik.de","8","https://www.pc-notfallklinik.de/viewtopic.php?t=1830&start=40","https://www.internet-sicherheit.de/news/virenschutz-stark-verbessert-windows-defender-arbeitet-zuverlaessig","0","https://www.internet-sicherheit.de/news ... erlaessig/","0"
"letscast.fm","8","https://pottcastdigital.letscast.fm/episode/42-mit-trustcerts-gruender-mirko-mollik-cyber-security","https://www.internet-sicherheit.de/","0","institut für internetsicherheit","0"
"scienceblogs.de","8","https://scienceblogs.de/klausis-krypto-kolumne/2014/08/21/die-grundlagenkrise-der-kryptografie-teil-1/","https://www.internet-sicherheit.de/","1","https://www.internet-sicherheit.de/","0"
"deutsche-startups.de","8","https://www.deutsche-startups.de/2019/03/06/cybersecurity-ruhrgebiet/","https://www.internet-sicherheit.de/","0","institut für internet-sicherheit","0"
"rub.de","8","https://informatik.rub.de/syssec/forschung/abgeschlossene-projekte/mobe/","http://www.internet-sicherheit.de/","0","if(is)","0"
"verbraucher-magazin.net","7","https://www.verbraucher-magazin.net/2013/12/vorsicht-betrugerische-online-shops.html","https://www.internet-sicherheit.de/aktuelles/mitteilungen/nachricht/nachricht-detail/vorsicht-betruegerische-online-shops-zur-weihnach","0","institut für internet-sicherheit if(is)","0"
"identity-economy.de","7","https://identity-economy.de/initiative-starke-authentisierung-jetzt-zur-vorbeugung-gegen-cyber-kriminalitaet-gestartet","https://www.internet-sicherheit.de/","0","https://www.internet-sicherheit.de/","0"
"michael-schoefer.de","7","https://www.michael-schoefer.de/artikel2/ms2328.html","https://www.internet-sicherheit.de/aktuelles/news-mitteilungen/news-detailseite/?tx_ttnews[year]=2018&tx_ttnews[month]=03&tx_ttnews[day]=29&tx_ttnews[tt_news]=1000&cHash=9c9b445b6d8746335efe9f45fa47dbf1","0","institut für internet-sicherheit","0"
"piratenpartei.at","7","https://wiki.piratenpartei.at/wiki/AG:Datenschutz","http://www.internet-sicherheit.de/institut/buch-sicher-im-internet/workshops-und-themen/verschluesselung-und-identitaeten/kryptographie","1","workshop: kryptographie","0"
"ruhrhub.de","7","https://ruhrhub.de/blog/trustcerts-mit-der-blockchain-wollen-sie-aus-dem-ruhrpott-in-die-welt","https://www.internet-sicherheit.de/","0","institut für internet sicherheit","0"
"vpn-zum-ikva-beweisforum.de","7","https://www.vpn-zum-ikva-beweisforum.de/66907274nx66014/verantwortungsloses-weltgeschehen-f47/hacken-t434.html","http://www.internet-sicherheit.de/aktuelles/mitteilungen/nachricht/nachricht-detail/fremde-hacken-homepage-von-schalke-04-das-ifi","0","http://www.internet-sicherheit.de/aktue ... 4-das-ifi/","0"
"mailbox.org","7","https://mailbox.org/de/post/sicherer-e-mail-dienst-mailbox-org-erneut-testsieger-bei-stiftung-warentest-5988","https://www.internet-sicherheit.de/","0","instituts für internet-sicherheit if(is)","0"
"dewiki.de","6","https://dewiki.de/Lexikon/Tier_(Netzwerke)","http://www.internet-sicherheit.de/fileadmin/docs/publikationen/Internet-Deutschland-Struktur-und-Aufbau-Pohlmann-Dieriechs-01_10_05.pdf","1","internet deutschland - struktur und aufbau.","0"
"digitalcourage.de","6","https://2017.digitalcourage.de/blog/2016/ueberwachungsgesamtrechnung.html","https://www.internet-sicherheit.de/fileadmin/docs/downloads/andere_studien_dokumente/TeleTrusT/2012-TeleTrusT_Thesenpapier_Gesundheitstelematik_01.pdf","0","thesenpapier zur gesundheitstelematik: teletrust – bundesverband it-sicherheit e.v.","0"
"it-sicherheit-in-der-wirtschaft.de","6","https://www.it-sicherheit-in-der-wirtschaft.de/ITS/Redaktion/DE/Meldungen/2015/2015-10-26-deutscher-it-security-nachwuchs-wird-vize-europameister.html","https://www.internet-sicherheit.de/","0","öffnet einzelsicht","0"
"spiegel.de","6","https://www.spiegel.de/netzwelt/netzpolitik/ec-karten-trotz-sinkender-anzahl-der-skimming-faelle-millionenschaeden-a-910346.html","https://www.internet-sicherheit.de/wir-ueber-uns/team/mitarbeiter/mitarbeiter-detail/Pohlmann","0","norbert pohlmann","0"
"basicthinking.de","6","https://www.basicthinking.de/blog/2010/06/16/telekommarkt-europa-von-sprachsuchen-handy-trojanern-und-netzkooperationen/","http://www.internet-sicherheit.de/","0","fachhochschule gelsenkirchen am institut für internet-sicherheit","0"
"einbruchsicher.blog","6","https://einbruchsicher.blog/beim-neubau-sicherheitstechnik-einplanen","https://www.internet-sicherheit.de/","0","institut für internet-sicherheit","0"
"onlinerlandsaar.de","5","https://www.onlinerlandsaar.de/training/internetkurse-mit-laptops-ausgelaufen/linktipps/linkliste-senioren-surfen-sicher/","http://www.internet-sicherheit.de/","0","www.internet-sicherheit.de","0"
"nalasu.org","5","https://nalasu.org/2010/03/links-it-sicherheit-security/","http://www.internet-sicherheit.de/","0","http://www.internet-sicherheit.de/","0"
"trustworthyictonfire.com","5","http://www.trustworthyictonfire.com/about/partners/ifis-teletrust","http://www.internet-sicherheit.de/","0","ifis","0"
"mynetx.net","5","https://mynetx.net/de/1278/schutz-vor-kriminellen-datendieben","http://www.internet-sicherheit.de/","0","institut für internetsicherheit","0"
"perl-community.de","5","http://www.perl-community.de/bat/poard/thread/19430","http://www.internet-sicherheit.de/crypto-poster","1","krypto verfahren","0"
"zera.de","5","https://www.zera.de/de/unternehmen/fachthemen/smart-meter-wissen/smart-meter-abkuerzungen/","http://www.internet-sicherheit.de/","0","www.internet-sicherheit.de","0"
"dirks-computerecke.de","5","https://www.dirks-computerecke.de/internet/e-mail-sicherheitsloesungen.htm","https://www.internet-sicherheit.de/sicher-im-internet-das-buch/workshops-und-themen/verschluesselung-und-identitaeten/ssltls-verschluesselung.html","0","einer verschlüsselten verbindung via ssl/tls","0"
"seedmatch.de","5","https://blog.seedmatch.de/ich-moechte-secucloud-aktiv-mit-meiner-expertise-unterstuetzen-prof-dr-pohlmann-im-interview/","http://www.internet-sicherheit.de/","0","if(is)","0"
"schwerin.de","5","https://www.schwerin.de/mein-schwerin/leben/gesellschaft-soziales/senioren-pflege/sicherheit/sicher-unterwegs-im-weltweiten-netz/","http://www.internet-sicherheit.de/","0","www.internet-sicherheit.de","0"
"ibusiness.de","5","https://www.ibusiness.de/aktuell/db/427067fb.html","http://www.internet-sicherheit.de/","0","zur homepage dieses unternehmens","0"
"kes.info","5","http://2014.kes.info/archiv/heft/abonnent/07-4/07-4-060.htm","http://www.internet-sicherheit.de/","0","www.internet-sicherheit.de","1"
"cyclesec.com","4","https://cyclesec.com/2017/07/06/cyclesec-quellenstudium-02-need-to-know-prinzip/","https://www.internet-sicherheit.de/service/glossar/eintrag.html?uid=384&cHash=b4fe6c2187a2854f41fd5adc10097821","0","glossar","0"
"agitano.com","4","https://www.agitano.com/internet-kennzahlen-system-iks-online-plattform-offiziell-gestartet/49123","http://www.internet-sicherheit.de/aktuelles/mitteilungen/nachricht/nachricht-detail/internet-kennzahlen-system-iks-oeffentliche-onl","0","institut für internet-sicherheit 2013","0"
"wort.lu","4","https://www.wort.lu/de/panorama/die-kryptowaehrung-bitcoin-53d73d78b9b398870804c941","http://www.internet-sicherheit.de/","0","institut für internet-sicherheit","0"
"totalwar.org","4","https://forums.totalwar.org/vb/showthread.php/123454-The-EB-Face-Database-Faces-Required-For-EBII!/page12","http://www.internet-sicherheit.de/fileadmin/images/team/Portrait_Norbert_Pohlmann_2009.JPG","1","http://www.internet-sicherheit.de/fi...lmann_2009.jpg","0"
"veri-media.io","3","https://veri-media.io/news/?p=3943","https://www.internet-sicherheit.de/?L=2","0","institute for internet-security","1"
"sicherheitsforschung.nrw","3","https://wiki.sicherheitsforschung.nrw/institut-fuer-internet-sicherheit/","https://bl.internet-sicherheit.de/","0","website.","0"
"kurierverlag.de","3","https://www.kurierverlag.de/multimedia/bei-netzwerkkameras-immer-das-standardpasswort-aendern-zr-4490405.html","http://www.internet-sicherheit.de/service/tipps-zur-sicherheit","1","institut für internetsicherheit","0"
"enquetebeteiligung.de","3","https://neutralitaet.enquetebeteiligung.de/proposal/295-Erhebung_zur_Netzauslastung","http://www.internet-sicherheit.de/forschung/aktuelle-forschungsprojekte/deutscher-internet-index","0","deutscher internet-index (dix)","0"
"springerprofessional.de","3","https://www.springerprofessional.de/enterprise-identity-und-access-management/17024198","https://www.internet-sicherheit.de/forschung/identity-management/idm-referenzmodell.html","0","https://​www.​internet-sicherheit.​de/​forschung/​identity-management/​idm-referenzmodell.​html","0"
"brainguide.de","3","https://redaktion.brainguide.de/Institut-fuer-Internet-Sicherheit","http://www.internet-sicherheit.de/","0","internet-sicherheit.de","0"
"know-now.de","3","https://know-now.de/institut-fur-internet-sicherheit/","http://www.internet-sicherheit.de/","1","link aufrufen","0"
"shopanbieter.de","3","https://www.shopanbieter.de/873-spam-verstopft-mailsysteme","http://www.internet-sicherheit.de/online-fragebogen/displayRegister.do","0","anmeldung geht es hier","0"
"crossover-agm.de","3","https://crossover-agm.de/Trusted_Computing","https://www.internet-sicherheit.de/sicher-im-internet-das-buch/workshops-und-themen/internet-und-struktur/das-internet-und-phasen-der-internet-sicherheit/praeventive-sicherheitsmechanismen.html","1","institut für internet-sicherheit – if(is): präventive sicherheitsmechanismen.","0"
"swnation.de","3","https://www.swnation.de/forum/4098-accountsicherheit-authenticator-co.html","http://www.internet-sicherheit.de/fileadmin/docs/publikationen/dietrich/Christian-J-Dietrich_MA-Thesis_Web-Authentisierung-per-ePA.pdf","1","hier","0"
"gegenwind-vogelsberg.de","3","http://www.gegenwind-vogelsberg.de/studie-botnetze-koennen-das-stromnetz-sabotieren/","https://www.internet-sicherheit.de/forschung/botnetze.html","0","was ist ein botnetz","0"
"bgland24.de","3","https://www.bgland24.de/netzwelt/computerfallstricke-peinliche-situationen-vermeiden-zr-6398754.html","https://www.internet-sicherheit.de/","1","sicherheitsexperten","0"
"0385.de","2","https://0385.de/mein-schwerin/leben/gesellschaft-soziales/senioren-pflege/sicherheit/sicher-unterwegs-im-weltweiten-netz/","http://www.internet-sicherheit.de/","0","www.internet-sicherheit.de","0"
"fachschaftinformatik.de","2","https://fachschaftinformatik.de/home.html?page_n18=15","https://www.internet-sicherheit.de/aktuelles/news-mitteilungen/news-detailseite/article/neue-lehrveranstaltung-practical-security-attacks-and-exploitation","0","practical security attacks and exploitation","0"
"immobilienforum-schwerin.de","2","https://www.immobilienforum-schwerin.de/mein-schwerin/leben/gesellschaft-soziales/senioren-pflege/sicherheit/sicher-unterwegs-im-weltweiten-netz/","http://www.internet-sicherheit.de/","0","www.internet-sicherheit.de","0"
"abitur-und-studium.de","2","https://www.abitur-und-studium.de/Blogs/Frankfurt-University-of-Applied-Sciences/IT-Schutz-gegen-kriminelle-Angriffe-FH-Informatiker-an-Forschung-fuer-IT-Fruehwarnsystem-beteiligt","http://www.internet-sicherheit.de/de/institut/forschung/aktuelle-forschungsprojekte/internet-fruehwarnsysteme/iaid","1","http://www.internet-sicherheit.de/de/institut/forschung/aktuelle-forschungsprojekte/internet-fruehwarnsysteme/iaid/","0"
"science-allemagne.fr","2","https://www.science-allemagne.fr/science-de-lingenieur/tic-et-transports/internet/lindex-internet-allemand-dix-pour-un-developpement-optimal-dinternet/","http://www.internet-sicherheit.de/","0","http://www.internet-sicherheit.de","0"
"weblogit.net","2","https://weblogit.net/eine-bitte-an-euch-schaut-die-snowden-doku-citizenfour-an-55395/","http://www.internet-sicherheit.de/institut/buch-sicher-im-internet/workshops-und-themen/verschluesselung-und-identitaeten/kryptographie/grundlagen-der-kryptographie","0","mehr über kryptografie zu lernen","0"
"dischue.de","2","https://dischue.de/2013/05/drosselung-der-telekom-trifft-auch-bestandskunden/","https://www.internet-sicherheit.de/fileadmin/docs/pressemitteilungen/2013-05-01_Kommentar_Telekom.pdf","1","http://www.internet-sicherheit.de/fileadmin/docs/pressemitteilungen/2013-05-01_kommentar_telekom.pdf","0"
"infosecuritymagazine.be","2","https://www.infosecuritymagazine.be/nieuws/hackers-weten-blurry-box-encryptietechnologie-niet-te-kraken-tijdens-hackerscontest","https://www.internet-sicherheit.de/?L=2","0","institute for internet security - if(is)","0"
"wasserburg24.de","2","https://www.wasserburg24.de/netzwelt/cloudbleed-bei-betroffenen-diensten-passwort-aendern-zr-7525131.html","https://www.internet-sicherheit.de/aktuelles/news-mitteilungen/news-detailseite.html?cHash=c48dec9602986c9d117eac283414c783&tx_ttnews[tt_news]=906","1","ifis","0"
"hallo-muenchen.de","2","https://www.hallo-muenchen.de/multimedia/cloudbleed-bei-betroffenen-diensten-passwort-aendern-zr-7525131.html","https://www.internet-sicherheit.de/aktuelles/news-mitteilungen/news-detailseite.html?cHash=c48dec9602986c9d117eac283414c783&tx_ttnews[tt_news]=906","1","ifis","0"
"promissum.legal","2","https://www.promissum.legal/digitaler-vc-stammtisch-dus-maerz-2022-cybersicherheit-in-krisensituationen.html","https://www.internet-sicherheit.de/index.html","0","institut für internet-sicherheit (if(is))","0"
"postgrespro.ru","1","https://postgrespro.ru/list/id/4FB38F16.4010603@internet-sicherheit.de","https://www.internet-sicherheit.de/","0","https://www.internet-sicherheit.de","0"
"intamt.eu","1","https://intamt.eu/2008/04/3-deutsch-russische-it-konferenz-fuer-studenten-informationstechnologien-im-modernen-alltagsleben/","http://www.internet-sicherheit.de/","0","institut für internet-sicherheit-","0"
"rephlex.de","1","https://rephlex.de/blog/2014/10/07/howto-linux-openvpn-server-schnell-und-einfach-installieren-und-konfigurieren/","https://www.internet-sicherheit.de/persistenten-vpn-tunnel-pzp-mit-openvpn-und-easy-rsa","1","persistenten vpn tunnel (pzp) mit openvpn und easy-rsa | digital knowledge","0"
"heavenarticle.com","1","https://heavenarticle.com/brand-marketing-online-critical-for-both-companies-and-individuals/","https://internet-sicherheit.de/","0","internet-sicherheit","0"
"com-sys.de","1","https://blog.com-sys.de/2018/02/02/imho-tag-der-unsinnigen-passwort-ratschlaege/","https://www.internet-sicherheit.de/aktuelles/news-mitteilungen/news-detailseite/article/das-ifis-auf-derwestende-passwoerter-sicher-verschluesselt-und-gut","0","institut für internet-sicherheit","0"
"beaglecomputer.org","0","https://www.beaglecomputer.org/project","https://openid.internet-sicherheit.de/at2000","0","openid.internet-sicherheit.de...","0"
"sicherheitsbeamter.online","0","https://sicherheitsbeamter.online/institute-for-internet-security/00715505","https://www.internet-sicherheit.de/","0","besuchen sie institute for internet security website","0"
"it-beratung-hannover.de","0","https://it-beratung-hannover.de/news00317.htm","http://www.internet-sicherheit.de/","0","instituts für internet-sicherheit","0"
"miete-hannover.de","0","https://miete-hannover.de/news00317.htm","http://www.internet-sicherheit.de/","0","instituts für internet-sicherheit","0"
"mflknr.de","0","https://www.mflknr.de/","https://www.internet-sicherheit.de/","0","institut für internetsicherheit","0"
"beagle.group","0","https://beagle.group/project","https://openid.internet-sicherheit.de/at2000","0","openid.internet-sicherheit.de...","0"
"hausverwaltung-isernhagen.de","0","https://hausverwaltung-isernhagen.de/news00317.htm","http://www.internet-sicherheit.de/","0","instituts für internet-sicherheit","0"
"infosucher.de","0","https://www.infosucher.de/digitale-welt/windows-xp-rechner-im-netz-ist-k-nftig-gefahrenquelle","http://www.internet-sicherheit.de/","0","www.internet-sicherheit.de","0"
"openbeagle.org","0","https://openbeagle.org/project","https://openid.internet-sicherheit.de/at2000","0","openid.internet-sicherheit.de...","0"
"it-consulting-hannover.de","0","https://it-consulting-hannover.de/news00317.htm","http://www.internet-sicherheit.de/","0","instituts für internet-sicherheit","0"
"fischer2.com","0","https://www.fischer2.com/nachrichten/93-versicherung/edv/220-wie-sich-unternehmen-vor-hackerangriffen-schuetzen-koennen.html","http://www.internet-sicherheit.de/","0","www.internet-sicherheit.de","0"
"marcsel.eu","0","http://www.marcsel.eu/LW0501SECCYBER.html","http://www.internet-sicherheit.de/","0","de - internet-sicherheit.de - norbert pohlman (teletrust)","0"
"mmk-online.eu","0","http://mmk-online.eu/film/kino/2010/the-social-network/index.htm","http://www.internet-sicherheit.de/","0","institut für internet-sicherheit - if(is)","0"
"haus-verwaltung-hannover.de","0","https://haus-verwaltung-hannover.de/news00317.htm","http://www.internet-sicherheit.de/","0","instituts für internet-sicherheit","0"
"finanzen-versicherungen-online.de","0","http://www.finanzen-versicherungen-online.de/2014/12/10/weihnachtsgeschenke-im-internet-kaufenoe-4848/","http://www.internet-sicherheit.de/","1","http://www.internet-sicherheit.de/…","0"
"infosat-europe.com","0","https://www.infosat-europe.com/digitale-welt/windows-xp-rechner-im-netz-ist-k-nftig-gefahrenquelle","http://www.internet-sicherheit.de/","0","www.internet-sicherheit.de","0"
"dynator.de","0","http://www.dynator.de/9281.html","http://www.internet-sicherheit.de/","0","institut für internet-sicherheit","0"
"internetsicherheit.de","0","https://internetsicherheit.de/","https://www.internet-sicherheit.de/","0","","0"
"digiknow.de","0","http://digiknow.de/feed","https://www.internet-sicherheit.de/feed","0","","0"
"urlm.de","0","http://urlm.de/g/o/d/18907746","http://www.internet-sicherheit.de/","0","","0"
"oadoi.org","0","https://oadoi.org/10.1109/EC2ND.2011.16","http://www.internet-sicherheit.de/uploads/media/On-Botnets-that-use-DNS-for-Command-and-Control.pdf","0","","0"
"verwaltung-hannover.de","0","https://verwaltung-hannover.de/news00317.htm","http://www.internet-sicherheit.de/","0","instituts für internet-sicherheit","0"
"bit.ly","0","http://bit.ly/13xmbfW","http://www.internet-sicherheit.de/aktuelles/mitteilungen/nachricht/nachricht-detail/cebit-2013-kostenfreie-messerundgaenge-fuer-mitte/?utm_source=twitterfeed&utm_medium=twitter&utm_campaign=@mit_sicherheit","0","","0"
"beagleconnect.net","0","https://beagleconnect.net/project","https://openid.internet-sicherheit.de/at2000","0","openid.internet-sicherheit.de...","0"
"pocketbeagle.net","0","https://pocketbeagle.net/project","https://openid.internet-sicherheit.de/at2000","0","openid.internet-sicherheit.de...","0"
"pocketbeagle.info","0","https://pocketbeagle.info/project","https://openid.internet-sicherheit.de/at2000","0","openid.internet-sicherheit.de...","0"
"infoportal24.de","0","https://www.infoportal24.de/digitale-welt/windows-xp-rechner-im-netz-ist-k-nftig-gefahrenquelle","http://www.internet-sicherheit.de/","0","www.internet-sicherheit.de","0"
"cylex-branchenbuch-gelsenkirchen.de","0","http://www.cylex-branchenbuch-gelsenkirchen.de/firma-home-gelsenkirchen/institut-fuer-internet-sicherheit--ifis--13078729.html","https://www.internet-sicherheit.de/","1","https://www.internet-sicherheit.de/","0"
"immobilienservice-hannover.de","0","https://immobilienservice-hannover.de/news00317.htm","http://www.internet-sicherheit.de/","0","instituts für internet-sicherheit","0"
"f-i-ts.info","0","https://fitsde-test.f-i-ts.info/line1/blog/events/it-was-safe-rueckblick-between-the-towers-veranstaltung-in-frankfurt/","http://www.internet-sicherheit.de/","0","institut für internet-sicherheit","0"
"computerview.de","0","https://www.computerview.de/computerfallstricke-peinliche-situationen-vermeiden/","https://www.internet-sicherheit.de/","0","sicherheitsexperten","0"
"osb-alliance.de","0","https://osb-alliance.de/mitglied/wissenschaftliche-partner-und-institute","https://www.internet-sicherheit.de/","0","institut für internet-sicherheit (westfälische hochschule)","0"
"websitedetection.com","0","https://websitedetection.com/web-site-list-2090","https://www.internet-sicherheit.de/index.html","1","if-is.net","0"
"ecsec.de","0","https://www.ecsec.de/aktuelles/detailansicht/initiative-strong-authentication-now-started-to-prevent-cyber-crime/","https://www.internet-sicherheit.de/","0","https://www.internet-sicherheit.de/","0"
"idg.zone","0","https://cf.frontend.onecms.idg.zone/a/eco-verband-schiebt-blockchain-standards-an,3549645","https://www.internet-sicherheit.de/","0","institut für internet-sicherheit","0"
"pirdu.com","0","https://pirdu.com/how-to-start-a-home-business-onlines-with-affiliate-marketing/","https://internet-sicherheit.de/","0","internet-sicherheit","0"
"bochum-wirtschaft.de","0","https://www.bochum-wirtschaft.de/netzwerkarbeit/","https://www.internet-sicherheit.de/","0","","0"
"listodirectory.com","0","https://listodirectory.com/website-list-502/","https://internet-sicherheit.de/","0","internet-sicherheit","0"
"microtec-suedwest.de","0","https://www.microtec-suedwest.de/news-termine/newsuebersicht/item/1458-erhebung-von-gefaehrdungen-in-baden-wuerttembergischen-unternehmen","https://www.internet-sicherheit.de/","0","institut für internet-sicherheit der westfälischen hochschule, gelsenkirchen","0"
"bestsitesdirectory.com","0","https://bestsitesdirectory.com/website-list-260/","https://internet-sicherheit.de/","0","internet-sicherheit","0"
"hu-berlin.de","0","https://openwgt.informatik.hu-berlin.de/W2014-ITS","http://www.internet-sicherheit.de/service/tools/patches","1","http://www.internet-sicherheit.de/service/tools/patches/","0"
"boreus.de","0","https://developer-com.de.dns.boreus.de/news/sicherheit/eco-bietet-kostenlosen-website-scan-65278.html","http://www.internet-sicherheit.de/","0","instituts für internet-sicherheit","0"
"infosat.info","0","https://www.dvb-t.infosat.info/digitale-welt/windows-xp-rechner-im-netz-ist-k-nftig-gefahrenquelle","http://www.internet-sicherheit.de/","0","www.internet-sicherheit.de","0"
"sn.de","0","https://www.sn.de/mein-schwerin/leben/gesellschaft-soziales/senioren-pflege/sicherheit/sicher-unterwegs-im-weltweiten-netz/","http://www.internet-sicherheit.de/","0","www.internet-sicherheit.de","0"
"officecamp.de","0","https://officecamp.de/EC08/Referenten","http://www.internet-sicherheit.de/","0","http://www.internet-sicherheit.de","1"
"igu.de","0","http://www.igu.de/inhalte/2011/","http://www.internet-sicherheit.de/","0","www.internet-sicherheit.de","1"
"drhellberg.de","0","https://drhellberg.de/news00317.htm","http://www.internet-sicherheit.de/","0","instituts für internet-sicherheit","0"
"torsten-fechner.de","0","http://torsten-fechner.de/Viren_Wurmer_Trojaner_Hoaxes/aktuell/aktuell_7/body_aktuell_7.html","http://www.internet-sicherheit.de/","0","http://www.internet-sicherheit.de","0"
"stlb.me","0","https://sm-staging.stlb.me/investmentchancen/secucloud","http://www.internet-sicherheit.de/","0","(if(is))","0"
"lohra-wiki.de","0","http://www.lohra-wiki.de/index.php5?title=IT-Sicherheit&oldid=7549","http://www.internet-sicherheit.de/","1","[5]","0"
"realizes.me","0","https://realizes.me/?links=796","https://openid.internet-sicherheit.de/","1","openid.internet-sicherheit.de","0"
"digiz-ow.de","0","https://www.digiz-ow.de/servicemarken/infos/selbsttests-zur-it-sicherheit-4395434","https://www.internet-sicherheit.de/","0","institut für internet-sicherheit if(is)","0"
"bbb.io","0","https://www.bbb.io/project","https://openid.internet-sicherheit.de/at2000","0","openid.internet-sicherheit.de...","0"
"suchhund.ch","0","http://www.suchhund.ch/web/Internet/Internetsicherheit.html","http://www.internet-sicherheit.de/","1","institut für internet-sicherheit: routenplaner","0"
"mynewsdesk.com","0","https://www.mynewsdesk.com/de/procilon/pressreleases/initiative-starke-authentisierung-jetzt-zur-vorbeugung-gegen-cyber-kriminalitaet-gestartet-2133294","https://www.internet-sicherheit.de/","1","https://www.internet-sicherheit.de/","0"
"007software.net","0","http://007software.net/science-avira-the-ites-project/","http://www.internet-sicherheit.de/en/institut/news/news","0","ifis (institute for internet security)","0"
"beagle.cc","0","https://www.beagle.cc/project/","https://openid.internet-sicherheit.de/at2000","0","openid.internet-sicherheit.de...","0"
"hedwig-gerling.de","0","https://hedwig-gerling.de/archives/06-01-2015_06-30-2015.html","http://www.internet-sicherheit.de/crypto-poster","0","sicherheit von verschlüsselungsalgorithmen","0"
"openbeagle.com","0","https://www.openbeagle.com/project","https://openid.internet-sicherheit.de/at2000","0","openid.internet-sicherheit.de...","0"
"beagle-connect.com","0","https://www.beagle-connect.com/project","https://openid.internet-sicherheit.de/at2000","0","openid.internet-sicherheit.de...","0"
"it-beratung-hannover.de","0","https://mail.it-beratung-hannover.de/news/news006190.htm","http://www.internet-sicherheit.de/","0","instituts für internet-sicherheit","0"
"it-consulting-hannover.de","0","https://mail.it-consulting-hannover.de/news/news006190.htm","http://www.internet-sicherheit.de/","0","instituts für internet-sicherheit","0"
"heinz-schmitz.org","0","https://heinz-schmitz.org/index.php/nachrichtenleser/digitalisierung-braucht-verlaesslichkeit.html","https://www.internet-sicherheit.de/aktuelles/messen/cebit/cebit-2017/uebersicht.html","0","https://www.internet-sicherheit.de/aktuelles/messen/cebit/cebit-2017/uebersicht.html","1"
"pressetext.com","0","https://www.pressetext.com/news/20060802039?likes=dislike/","http://www.internet-sicherheit.de/sicherheitskonzept.html","1","http://www.internet-sicherheit.de/sicherheitskonzept.html/","0"
"homebanking-hilfe.de","0","https://homebanking-hilfe.de/forum/xt.php?app=cback_threadprint&submode=preselect&t=7103&page=1","http://www.internet-sicherheit.de/","0","http://www.internet-sicherheit.de","0"
"termcoord.eu","0","https://termcoord.eu/iate/termfolders/electronic-mass-surveillance-of-eu-citizens-20132188ini/?share=linkedin","http://www.internet-sicherheit.de/service/glossar/glossar","0","glossar für internet-sicherheit","0"
"chiemgau24.de","0","https://www.chiemgau24.de/netzwelt/vollstaendige-anonymitaet-im-netz-gibt-es-nicht-zr-4543015.html","http://www.internet-sicherheit.de/","1","instituts für internet-sicherheit","0"
"s-mac.de","0","https://baf.s-mac.de/blog/archives/1894-Warnung-vor-Datenklau-in-der-Cloud.html","http://www.internet-sicherheit.de/","0","if [is]","0"
"onlinepc.ch","0","https://www.onlinepc.ch/internet/sicherheit/cloudbleed-gefaehrdet-zahllose-online-dienste-1202393.html?page=1_zwei-millionen-potentiell-betroffene-webseiten","https://www.internet-sicherheit.de/aktuelles/news-mitteilungen/news-detailseite.html?tx_ttnews[tt_news]=906&cHash=c48dec9602986c9d117eac283414c783","0","ifis","0"
"com-magazin.de","0","https://m.com-magazin.de/news/sicherheit/cloudbleed-gefaehrdet-zahllose-online-dienste-1202373.html","https://www.internet-sicherheit.de/aktuelles/news-mitteilungen/news-detailseite.html?tx_ttnews[tt_news]=906&cHash=c48dec9602986c9d117eac283414c783","0","ifis","0"
"tu-berlin.de","0","https://www.mms.tu-berlin.de/menue/forschung/aktuelle_projekte/bob/parameter/de/font2/maxhilfe/","http://www.internet-sicherheit.de/","1","institut für internet-sicherheit, westfälische hochschule gelsenkirchen","1"
"schwerin.de","0","https://forum.schwerin.de/mein-schwerin/leben/gesellschaft-soziales/senioren-pflege/sicherheit/sicher-unterwegs-im-weltweiten-netz/","http://www.internet-sicherheit.de/","0","www.internet-sicherheit.de","0"
"schwerin.de","0","https://www.wirtschaft.schwerin.de/mein-schwerin/leben/gesellschaft-soziales/senioren-pflege/sicherheit/sicher-unterwegs-im-weltweiten-netz/","http://www.internet-sicherheit.de/","0","www.internet-sicherheit.de","0"
"worldwidetopsite.com","0","https://worldwidetopsite.com/website-list-1768/?utm_source=nomics&utm_medium=backlinks&utm_campaign=crypto_product_guides","https://internet-sicherheit.de/","0","internet-sicherheit","0"
"webscountry.com","0","https://webscountry.com/marketing-your-business-on-a-shoestring-budget-443/","https://internet-sicherheit.de/","0","internet-sicherheit","0"
"infosecuritymagazine.nl","0","https://www.infosecuritymagazine.nl/nieuws/wibu-systems-blurry-box-encryptietechnologie-niet-gekraakt-tijdens-hackerscontest?ict_gerelateerd_aan_tags_artikelen_bij_bericht_lees_ook-page=10","https://www.internet-sicherheit.de/?L=2","0","institute for internet security - if(is)","0"
"buelow-masiak.de","0","https://www.buelow-masiak.de/home/home_news_detail.htm?tx_news_pi1[news]=78&tx_news_pi1[controller]=News&tx_news_pi1[action]=detail&cHash=cef4130808a415ba283c32702fb345b7","http://www.internet-sicherheit.de/","0","www.internet-sicherheit.de","0"
"mynewsdesk.com","0","https://procilon.mynewsdesk.com/pressreleases/initiative-starke-authentisierung-jetzt-zur-vorbeugung-gegen-cyber-kriminalitaet-gestartet-2133294","https://www.internet-sicherheit.de/","1","https://www.internet-sicherheit.de/","0"
"idw-online.de","0","https://idw-online.de/de/news484970","http://www.internet-sicherheit.de/de/institut/forschung/aktuelle-forschungsprojekte/internet-fruehwarnsysteme/iaid","0","http://www.internet-sicherheit.de/de/institut/forschung/aktuelle-forschungsproje...","0"
"eurocloud.de","0","https://www.eurocloud.de/mitglieder/institut-fuer-internet-sicherheit-ifis/","http://www.internet-sicherheit.de/","0","http://www.internet-sicherheit.de","0"
"hartwarehunter.de","0","http://www.hartwarehunter.de/forum/viewtopic.php?t=43100","http://www.internet-sicherheit.de/service/glossar/eintrag/eintrag-detail/bluetooth-pairing","0","http://www.internet-sicherheit.de/servi ... h-pairing/","0"
"proggen.org","0","https://www.proggen.org/forum/viewtopic.php?f=61&t=6022","http://ctf.internet-sicherheit.de/","0","http://ctf.internet-sicherheit.de/","0"
"wittek.dev","0","https://wittek.dev/authors/admin/","https://www.internet-sicherheit.de/","0","institute for internet security","0"
"apnic.net","0","https://orbit.apnic.net/hyperkitty/list/innog@innog.net/thread/YCWVD7P3HLSAMCJQCK4S5YJ3U2LZ3PMM/","https://www.internet-sicherheit.de/research/botnetze/iot-botnetze/mozi","0","https://www.internet-sicherheit.de/research/botnetze/iot-botnetze/mozi/","0"
"symlink.ch","0","http://www.symlink.ch/articles/05/09/16/100254.shtml","https://www.internet-sicherheit.de/projekte-email.html","0","umfrage","0"
"soccer-fans.de","0","https://www.soccer-fans.de/forum/threads/cdu-vermummungsverbot-fuers-internet.40199/","http://www.internet-sicherheit.de/forschung/aktuelle-forschungsprojekte/elektronischer-personalausweis","0","elektronischer personalausweis","0"
"notescamp.de","0","https://notescamp.de/EC08/Referenten","http://www.internet-sicherheit.de/","0","http://www.internet-sicherheit.de","0"
"schule.de","0","http://sps.ikg.rt.bw.schule.de/websites/mf/SiI/Lists/Materialien zu LambSchweizer 1/Datenblattansicht.aspx?ShowInGrid=HTML","https://www.internet-sicherheit.de/service/tipps-zur-internet-sicherheit/basissicherheit-internet.html","0","https://www.internet-sicherheit.de/service/tipps-zur-internet-sicherheit/basissicherheit-internet.html","0"
"gaois.ie","0","https://www.gaois.ie/ga/terminology/?Query=bogearra","http://www.internet-sicherheit.de/service/glossar/eintrag/eintrag-detail/malware/?type=0&cHash=9e1d1e391aa0217e03afe66b090ece38","0","http://www.internet-sicherheit.de/service/glossar/eintrag/eintrag-detail/malware/?type=0&chash=9e1d1e391aa0217e03afe66b090ece38","0"
"sapientiafr.com","0","https://sapientiafr.com/openid","https://openid.internet-sicherheit.de/","1","fournisseur openid de l\'institute for internet security","0"
"spaehgypten.de","0","https://spaehgypten.de/page/57/","http://www.internet-sicherheit.de/prof-pohlmann/uebersicht","0","gelsenkirchener professor für internetsicherheit, norbert pohlmann","1"
"morealt.com","0","https://morealt.com/website/bmas.de","http://internet-sicherheit.de/","0","internet-sicherheit.de","0"
"esr-pollmeier.de","0","https://www.esr-pollmeier.de/swpat/hessen-it_2005-09.html","http://www.internet-sicherheit.de/software-patente.html","0","http://www.internet-sicherheit.de/software-patente.html","0"
"pcwelt-forum.de","0","https://www.pcwelt-forum.de/threads/ie-11-64-bit-unter-windows-7-64-bit.495180/index.html","http://www.internet-sicherheit.de/institut/buch-sicher-im-internet/workshops-und-themen/verschluesselung-und-identitaeten/ssltls-verschluesselung","1","http://www.internet-sicherheit.de/i...ung-und-identitaeten/ssltls-verschluesselung/","0"
"cc-community.net","0","https://www.cc-community.net/threads/info-poster-zur-sicherheit-von-verschl%C3%BCsselungsalgorithmen.107160/","https://www.internet-sicherheit.de/crypto-poster","1","https://www.internet-sicherheit.de/crypto-poster/","0"
"beagleborad.com","0","https://beagleborad.com/project","https://openid.internet-sicherheit.de/at2000","0","openid.internet-sicherheit.de...","0"
"robobeagle.com","0","https://robobeagle.com/project","https://openid.internet-sicherheit.de/at2000","0","openid.internet-sicherheit.de...","0"
"companycrypt.com","0","https://www.companycrypt.com/20051222 Pflicht zur Verschluesselung von eMails gefordert_36/index.php","http://www.internet-sicherheit.de/nachricht.html?&tx_ttnews[pS]=1134687435&tx_ttnews[pointer]=1&tx_ttnews[tt_news]=14&tx_ttnews[backPid]=255&cHash=9b1b81a324","0","www.internet-sicherheit.de","1"
"jung-andreas.net","0","http://www.jung-andreas.net/logbuch/archiv/20121221.html","http://www.internet-sicherheit.de/fileadmin/docs/publikationen/IP-basierter-Videoueberwachung-WIK-08-08.pdf","0","ernstzunehmenden","0"
"mikrocontroller.net","0","https://www.mikrocontroller.net/topic/387316","https://www.internet-sicherheit.de/fileadmin/docs/downloads/andere_studien_dokumente/BSI/penetrationstest.pdf","1","https://www.internet-sicherheit.de/fileadmin/docs/downloads/andere_studien_dokumente/bsi/penetrationstest.pdf","0"
"wer-weiss-was.de","0","https://www.wer-weiss-was.de/t/durch-at-ersetzt-trotzdem-kommen-spam-mails/5571739","http://www.internet-sicherheit.de/fileadmin/docs/publikationen/ITS-2-08-pohlmann-feld-e-mail-adress-harvesting.pdf","1","http://www.internet-sicherheit.de/fileadmin/docs/pub…","0"
"seokicks.de","0","https://en.seokicks.de/backlinks/www.heise-events.de","http://www.internet-sicherheit.de/aktuelles/termine/termin-detailseite/3-it-sicherheitstag-rhein-ruhr.html","1","http://www.internet-sicherheit.de/aktuelles/termine/termin-detailseite/3-it-sicherheitstag-rhein-ruhr.html","0"
"simforum.de","0","https://www.simforum.de/index.php?threads/199430/","https://tls-ssl-test.internet-sicherheit.de/rangliste/de-liste","1","sicherheitstests bezüglich tls und ssl","0"
"thephp.cc","0","https://thephp.cc/artikel/warum-entwickler-keinen-code-schreiben-sollten","https://www.internet-sicherheit.de/sicher-im-internet-das-buch/workshops-und-themen/verschluesselung-und-identitaeten/kryptographie/grundlagen-der-kryptographie.html","0","verschlüsselt","0"
"waffen-online.de","0","https://forum.waffen-online.de/topic/404927-was-der-bdk-wohl-wirklich-im-sinn-hat/page/4/","http://www.internet-sicherheit.de/forschung/aktuelle-forschungsprojekte/elektronischer-personalausweis","1","institut für internetsicherheit","0"
"mazda-forum.info","0","https://www.mazda-forum.info/threads/diebe-knacken-mazda-code.69443/page-2","https://www.internet-sicherheit.de/f...tudie-MARS.pdf:","1","https://www.internet-sicherheit.de/f...tudie-mars.pdf:","0"
"fastbot.de","0","https://fastbot.de/?q=internet sicherheit","https://www.internet-sicherheit.de/index.html","0","institut für internet-sicherheit - if(is): home","1"
"medienbewusst.de","0","https://www.medienbewusst.de/ratgeber/dein-handy-meine-daten","http://www.internet-sicherheit.de/service/glossar/eintrag/eintrag-detail/bluetooth-pairing/?type=0&cHash=7117658001965672346deea1e30f4da9","0","pairing","0"
"innsalzach24.de","0","https://www.innsalzach24.de/netzwelt/bei-netzwerkkameras-immer-das-standardpasswort-aendern-zr-4490405.html","http://www.internet-sicherheit.de/service/tipps-zur-sicherheit","1","institut für internetsicherheit","0"
"kreiszeitung.de","0","http://www.kreiszeitung.de/technik/computerfallstricke-peinliche-situationen-vermeiden-zr-6398754.html","https://www.internet-sicherheit.de/","1","sicherheitsexperten","0"
"rundfunkforum.de","0","https://www.rundfunkforum.de/viewtopic.php?t=29631","https://www.internet-sicherheit.de/live-hacking","0","institut für internet-sicherheit","0"
"it-security-magazin.de","0","http://www.it-security-magazin.de/2014/06/05/it-sicherheitsstrategie-fuer-deutschland-die-bundeskanzlerin-muss-jetzt-handeln-3692/","https://www.internet-sicherheit.de/fileadmin/images/news/Herausforderungen_an_die_IT-Sicherheit_21._Jahrhundert_-_27_03_14.pdf","1","https://www.internet-sicherheit.de/…","0"
"signinvaults.com","0","https://signinvaults.com/de/mpass-wirecard.html","https://www.internet-sicherheit.de/forschung/zahlungssysteme-und-banktransaktionen/abschlussarbeit-uebersicht-und-bewertung-von-zahlungssystemen/bewertung-der-zahlungssysteme/mobile-zahlungssysteme/mpass","1","institut für internet-sicherheit - if(is): mpass","1"
"elogins-db.com","0","https://de.elogins-db.com/mpass-wirecard","https://www.internet-sicherheit.de/forschung/zahlungssysteme-und-banktransaktionen/abschlussarbeit-uebersicht-und-bewertung-von-zahlungssystemen/bewertung-der-zahlungssysteme/mobile-zahlungssysteme/mpass","1","institut für internet-sicherheit - if(is): mpass","0"
"hardware-magazin.de","0","https://hardware-magazin.de/news/2022/februar/sichere_netzwerke_kostenguenstig_per_vpn_aufbauen/","https://www.internet-sicherheit.de/sicher-im-internet-das-buch/workshops-und-themen/verschluesselung-und-identitaeten/ssltls-verschluesselung.html","0","tls- oder ssl-protokoll","0"
"idb.edu","0","https://collabor.idb.edu/haiden/stories/52358/","https://www.internet-sicherheit.de/fileadmin/docs/publikationen/2013/IT-SICHERHEIT_6_2013_ifis_Bitcoin.pdf","0","https://www.internet-sicherheit.de/fileadmin/docs/publikationen/2013/it-sicherheit_6_2013_ifis_bitcoin.pdf","0"
"aufzurwahrheit.com","0","https://aufzurwahrheit.com/thread/4530-epa-eine-beschlossene-sache/","https://www.internet-sicherheit.de/aktuelles/mitteilungen/nachricht/nachricht-detail/einfuehrung-des-elektronischen-personalausweises/?cHash=e8d2726aa5","1","internet-sicherheit.de schrieb:","0"
"netzwerke.com","0","https://www.netzwerke.com/internet/gebrauchte-netzwerktechnik-als-guenstige-alternative-zu-neuer-netzwerktechnik.html","https://www.internet-sicherheit.de/fileadmin/docs/downloads/andere_studien_dokumente/BSI/2011_Studie-IT-Sicherheit-KMU.pdf","0","untersuchung vom bundesamt für sicherheit in der informationstechnik","0"
"handwerk.com","0","https://www.handwerk.com/so-schuetzen-sie-ihr-wlan-vor-angreifern","http://www.internet-sicherheit.de/aktuelles/mitteilungen/nachricht/nachricht-detail/wie-schuetze-ich-mein-wlan","0","instituts für internet-sicherheit","0"
"pc-sicherheit.net","0","https://pc-sicherheit.net/viewtopic.php?t=3673","http://www.internet-sicherheit.de/institut/buch-sicher-im-internet/workshops-und-themen/verschluesselung-und-identitaeten/ssltls-verschluesselung","0","http://www.internet-sicherheit.de/insti ... uesselung/","0"
"vstat.info","0","https://web.vstat.info/zertificon.com","http://internet-sicherheit.de/","1","internet-sicherheit.de","0"
"toptohigh.com","0","https://toptohigh.com/get-the-edge-with-facebook-marketing-tips/","https://internet-sicherheit.de/","0","internet-sicherheit","0"
"sicher-im-netz.de","0","https://www.sicher-im-netz.de/institut-f%C3%BCr-internet-sicherheit-ifis/","https://www.internet-sicherheit.de/","0","www.internet-sicherheit.de","0"
"gnu.de","0","https://swpat.gnu.de/europarl/ifis.en.html","http://www.internet-sicherheit.de/","0","institut für internet-sicherheit","0"
"maciraga.com","0","https://maciraga.com/article/web-scraping-was-ist-das-und-wofuer-ist-es-gut","https://www.internet-sicherheit.de/","1","institut für internet-sicherheit","0"
"drwindows.de","0","https://www.drwindows.de/xf/threads/laptop-reagiert-so-langsam.19813/","http://www.internet-sicherheit.de/","1","internet-sicherheit-institut für internet-sicherheit - www.internet-sicherheit.de","0"
"come-on.de","0","https://www.come-on.de/luedenscheid/einem-doppelklick-fremde-netz-695318.html","http://www.internet-sicherheit.de/","1","http://www.internet-sicherheit.de","0"
"deutschlandfunkkultur.de","0","https://www.deutschlandfunkkultur.de/sendungsuberblick-die-sendung-mit-dem-bot-100.html","http://www.internet-sicherheit.de/","0","instituts für internet-sicherheit","0"
"security-insider.de","0","https://www.security-insider.de/starke-authentisierung-im-internet-foerdern-a-639207/","https://www.internet-sicherheit.de/","0","institut für internet-sicherheit – if(is)","0"
"derwesten.de","0","https://www.derwesten.de/panorama/passwoerter-sicher-verschluesselt-und-gut-versteckt-id4927754.html","http://www.internet-sicherheit.de/","0","","0"
"digitale-technologien.de","0","https://www.digitale-technologien.de/DT/Redaktion/DE/Kurzmeldungen/Aktuelles/2021/KI-Inno/2021_09_29_Service-Meister_Entwicklung_vertrauensw%C3%BCrdiger_KI-Systeme.html","https://www.internet-sicherheit.de/","0","institut für internet-sicherheit","0"
"bilalarticles.com","0","https://bilalarticles.com/website-list-260/","https://internet-sicherheit.de/","0","internet-sicherheit","0"
"rankwebdirectory.com","0","https://rankwebdirectory.com/website-list-260/","https://internet-sicherheit.de/","0","internet-sicherheit","0"
"htw-saarland.de","0","https://www-crypto.htw-saarland.de/weber/topics/it_security_definition.html","http://www.internet-sicherheit.de/","0","institut für internetsicherheit","0"
"telefonnummer.net","0","https://telefonnummer.net/telefonbuch/492099596515","http://www.internet-sicherheit.de/","1","http://www.internet-sicherheit.de/","0"
"de.digital","0","https://www.de.digital/DIGITAL/Redaktion/DE/Smart-City-Navigator/Projekte/interaktive-visualisierung-von-open-data-ivod.html","https://www.internet-sicherheit.de/","0","https://www.internet-sicherheit.de/","0"
"perspektive-mittelstand.de","0","https://www.perspektive-mittelstand.de/Neue-iPhone-App-sorgt-fuer-mehr-Sicherheit-im-Internet/pressemitteilung/38280.html","http://www.internet-sicherheit.de/","1","homepage","1"
"zdnet.de","0","https://www.zdnet.de/39200543/jobboerse-fuer-it-sicherheit-geht-online/","http://www.internet-sicherheit.de/","0","institut für internet-sicherheit","0"
"hs-augsburg.de","0","https://www.hs-augsburg.de/Rechenzentrum/Tipps-Tricks.html","https://tls-ssl-test.internet-sicherheit.de/","0","https://tls-ssl-test.internet-sicherheit.de/","1"
"balkani.de","0","http://www.balkani.de/index.php?section=ghanun","http://www.internet-sicherheit.de/institut/forschung/aktuelle-forschungsprojekte/uebersicht","0","institut für internet-sicherheit »","0"
"seokicks.de","0","https://www.seokicks.de/backlinks/www.wintotal-forum.de","http://www.internet-sicherheit.de/sicher-im-internet-das-buch/workshops-und-themen/hilfe-foren.html","1","http://www.internet-sicherheit.de/sicher-im-internet-das-buch/workshops-und-themen/hilfe-foren.html","0"
"ditze.net","0","https://ditze.net/2013/11/elektronische-gesundheitskarte-egk-ohne-foto/comment-page-1/","http://www.internet-sicherheit.de/service/tipps-zur-sicherheit/glaeserner-mensch/elektronische-gesundheitskarte","1","http://www.internet-sicherheit.de/service/tipps-zur-sicherheit/glaeserner-mensch/elektronische-gesundheitskarte/","0"
"luisa-pohlmann.com","0","https://luisa-pohlmann.com/institut-fuer-internet-sicherheit/","http://www.internet-sicherheit.de/","0","http://www.internet-sicherheit.de","0"
"pgpkeys.eu","0","https://spider.pgpkeys.eu/sks-peers/peer-info?peer=keyserver1.computer42.org","http://keys.internet-sicherheit.de:11371/pks/lookup?op=stats&options=mr","0","keys.internet-sicherheit.de","1"
"wangqingzheng.com","0","http://www.wangqingzheng.com/anquanke/70/219670.html","https://www.internet-sicherheit.de/research/botnetze/iot-botnetze/mozi","0","https://www.internet-sicherheit.de/research/botnetze/iot-botnetze/mozi/","0"
"fr.de","0","https://www.fr.de/kultur/kreiert-sicheres-passwort-11306886.html","http://www.internet-sicherheit.de/","1","instituts für internet-sicherheit an der fh gelsenkirchen","0"
"focus.de","0","https://www.focus.de/digital/internet/internet-spion-im-browser-so-schuetzen-sich-user-vor-trackern_id_3879399.html","http://www.internet-sicherheit.de/","1","institut für internet-sicherheit","0"
"bild.de","0","https://www.bild.de/digital/internet/internet-sicherheit/wlan-hotspot-sicherheit-25629684.bild.html","http://www.internet-sicherheit.de/","0","institut für internetsicherheit","0"
"reiner-umlauf.blogspot.com","0","http://reiner-umlauf.blogspot.com/2009_02_22_archive.html","http://www.internet-sicherheit.de/","0","gelsenkirchener instituts für internet-sicherheit","0"
"suphp.cn","0","http://suphp.cn/anquanke/70/219670.html","https://www.internet-sicherheit.de/research/botnetze/iot-botnetze/mozi","0","https://www.internet-sicherheit.de/research/botnetze/iot-botnetze/mozi/","0"
"hackdig.com","0","http://www.hackdig.com/10/hack-165497.htm","https://www.internet-sicherheit.de/research/botnetze/iot-botnetze/mozi","0","https://www.internet-sicherheit.de/research/botnetze/iot-botnetze/mozi/","0"
"nwzonline.de","0","https://www.nwzonline.de/digitale-welt/so-entgehen-sie-den-haeufigsten-fallen-im-netz_a_31,2,340376032.html","https://www.internet-sicherheit.de/sicher-im-internet-das-buch.html?L=0Kostenlose","0","","0"
"anquanke.com","0","https://www.anquanke.com/post/id/219670","https://www.internet-sicherheit.de/research/botnetze/iot-botnetze/mozi","0","https://www.internet-sicherheit.de/research/botnetze/iot-botnetze/mozi/","0"